order_number,date,price,quantity,product_id,SKU
874610456,02/09/2024,289.00,1,6946027143242,TOP242
874610456,02/09/2024,349.00,1,6687221907530,LEG-PUR-PRE-M
874610456,02/09/2024,359.00,1,7045733744714,leg-bol-pre-m
874610456,02/09/2024,349.00,1,7055529377866,leg-sig-pre-m
874629675,02/09/2024,289.00,1,6856168243274,TOP147
874629675,02/09/2024,349.00,1,6856165195850,LEG151
874629917,02/09/2024,349.95,1,7588871274570,THE-473-M
874629917,02/09/2024,349.95,1,7588872061002,MOL-477-M
874639524,03/09/2024,349.00,1,7378794774602,LEG-149-G
874641004,03/09/2024,349.00,1,7459360145482,LEG-388-M
874641004,03/09/2024,59.00,1,7414746611786,GHO-171-P
874646382,04/09/2024,349.00,1,6945991655498,LEG264
874646382,04/09/2024,289.00,1,7001211797578,top-sig-azu-g
874646933,04/09/2024,289.00,1,7208084602954,SHO-SIG-OFF-G
874648549,04/09/2024,319.00,1,7459364372554,TOP-396-M
874648549,04/09/2024,389.00,1,7459363749962,LEG-393-M
874651811,04/09/2024,249.00,1,6710308765770,CRO-ESS-BRA-P
874657603,04/09/2024,296.65,1,6967004987466,LEG286
874654274,05/09/2024,349.00,1,7396014325834,LEG-159-G
874654373,05/09/2024,349.95,1,7588867735626,MOL-466-M
874654373,05/09/2024,349.95,1,7588865704010,MOL-462-M
874656738,05/09/2024,349.00,1,6687221907530,LEG-PUR-PRE-P
874656738,05/09/2024,289.00,1,7045786009674,sho-out-azul-p
874656738,05/09/2024,289.00,1,6946026913866,TOP258
874656738,05/09/2024,349.00,1,6978390458442,LEG209
874656738,05/09/2024,289.00,1,6978390491210,TOP205
874656738,05/09/2024,289.00,1,7497520414794,TOP-443-P
874658379,05/09/2024,349.00,1,7459360145482,LEG-388-M
874658379,05/09/2024,289.00,1,7459360538698,TOP-391-M
874659498,05/09/2024,349.00,1,6687221907530,LEG-PUR-PRE-G
874659498,05/09/2024,289.00,1,7001212387402,top-sig-pre-m
874659678,05/09/2024,49.90,1,7237764284490,HEA-132-P
874659678,05/09/2024,49.90,1,7254954901578,HEA-139-U
874659678,05/09/2024,134.93,1,6687223218250,TOP-HAR-BLU-P
874659678,05/09/2024,209.93,1,6687222628426,LEG-HAR-BLU-M
874659678,05/09/2024,261.75,1,6856165294154,LEG159
874659678,05/09/2024,216.75,1,6856169390154,TOP154
874659892,05/09/2024,349.00,1,7378794774602,LEG-149-P
874659892,05/09/2024,289.00,1,7378796511306,TOP-151-P
874659892,05/09/2024,289.00,1,7001211797578,top-sig-azu-p
874663295,06/09/2024,289.00,1,6910076321866,TOP198
874664943,06/09/2024,289.00,1,6687221841994,TOP-PUR-PRE-M
874664943,06/09/2024,349.00,1,6687221907530,LEG-PUR-PRE-M
874668555,06/09/2024,289.00,1,7001211174986,sho-sig-azu-p
874669527,07/09/2024,289.00,1,7001211895882,top-sig-fes-p
874669527,07/09/2024,289.00,1,7001211371594,sho-sig-fes-p
874669815,07/09/2024,349.00,1,7497519300682,LEG-440-M
874669815,07/09/2024,349.00,1,7055529672778,leg-sig-jun-m
874669989,07/09/2024,134.93,1,6687222825034,TOP-HAR-PIN-M
874669989,07/09/2024,209.93,1,6687222595658,LEG-HAR-PIN-M
874683789,09/09/2024,349.00,1,7459360309322,LEG-389-P
874683789,09/09/2024,349.00,1,7378794774602,LEG-149-P
874683789,09/09/2024,289.00,1,6910076321866,TOP197
874685744,09/09/2024,349.00,1,7396014325834,LEG-159-G
874685754,09/09/2024,289.00,1,7396015505482,TOP-167-M
874703563,10/09/2024,249.00,1,6710308765770,CRO-ESS-BRA-P
874703563,10/09/2024,245.65,1,7208090959946,SHO-OUT-PIS-P
874709052,11/09/2024,359.00,1,7447759945802,LEG-385-P
874709052,11/09/2024,289.00,1,7447760765002,TOP-387-P
874711771,11/09/2024,245.65,1,7055137275978,top-pur-oce-g
874711771,11/09/2024,296.65,1,7055136030794,leg-pur-oce-g
874711771,11/09/2024,289.00,1,7497520709706,SHO-444-M
874720454,12/09/2024,289.00,1,6946026913866,TOP259
874720454,12/09/2024,289.00,1,7045786009674,sho-out-azul-m
874720511,12/09/2024,289.00,1,6687221841994,TOP-PUR-PRE-M
874720511,12/09/2024,349.00,1,6687221907530,LEG-PUR-PRE-M
874721064,12/09/2024,319.00,1,7338889707594,TOP-147-G
874721064,12/09/2024,389.00,1,7338889445450,LEG-146-G
874721064,12/09/2024,319.00,1,7331633004618,TOP-145-G
874721064,12/09/2024,319.00,1,7331632480330,SHO-143-G
874727514,13/09/2024,289.00,1,7067201044554,top-pur-val-g
874727514,13/09/2024,349.00,1,7067199897674,leg-pur-val-g
874728235,13/09/2024,296.65,1,6967004921930,LEG279
874728235,13/09/2024,269.00,1,7420470100042,SOH-380-P
874728525,13/09/2024,289.00,1,6856168243274,TOP147
874753371,14/09/2024,269.00,1,7588861673546,POL-459-G
874753371,14/09/2024,299.00,1,7588860264522,SKI-455-G
874761514,16/09/2024,279.00,1,7495529726026,TOP-425-P
874761514,16/09/2024,279.00,1,7495530446922,SHO-430-P
874768552,16/09/2024,359.00,1,7045733744714,leg-bol-pre-m
874768567,16/09/2024,289.00,1,7397141217354,TOP-170-M
874771749,16/09/2024,289.00,1,7396015636554,TOP-156-P
874771749,16/09/2024,289.00,1,7396014915658,SHO-162-P
874771749,16/09/2024,349.00,1,7396014522442,LEG-154-M
874771749,16/09/2024,59.00,1,7414746611786,GHO-171-P
874780007,17/09/2024,349.00,1,6946026618954,LEG255
874911720,18/09/2024,149.00,1,7072689815626,bon-cha-mel
874914469,19/09/2024,59.00,1,7414746906698,GHO-173-M
874914469,19/09/2024,59.00,1,7414746873930,GHO-172-M
874915615,19/09/2024,249.00,1,6710308765770,CRO-ESS-BRA-P
874931841,21/09/2024,134.93,1,6687222825034,TOP-HAR-PIN-P
874931841,21/09/2024,209.93,1,6687222628426,LEG-HAR-BLU-P
874931841,21/09/2024,245.65,1,7055137275978,top-pur-oce-m
874932506,21/09/2024,349.95,1,7588865704010,MOL-462-M
874940728,23/09/2024,289.00,1,7001211174986,sho-sig-azu-m
874943913,23/09/2024,209.93,1,6687222595658,LEG239
874943913,23/09/2024,134.93,1,6687222825034,TOP-HAR-PIN-M
874952334,24/09/2024,220.15,1,7416239423562,TOP-178-M
874952334,24/09/2024,220.15,1,7416239718474,CAL-179-M
874973056,26/09/2024,349.00,1,6687221907530,LEG-PUR-PRE-M
874973056,26/09/2024,289.00,1,6687221841994,TOP-PUR-PRE-M
874974842,26/09/2024,289.00,1,7396015112266,SHO-155-P
874974842,26/09/2024,289.00,1,7396015505482,TOP-167-P
874974842,26/09/2024,59.00,1,7414746873930,GHO-172-P
874974842,26/09/2024,59.00,1,7414746611786,GHO-171-P
874974842,26/09/2024,59.00,1,7414746906698,GHO-173-P
874993304,28/09/2024,289.00,1,7459397992522,SHO-398-P
874993304,28/09/2024,359.00,1,7396012818506,LEG-153-M
874993304,28/09/2024,289.00,1,7045786009674,sho-out-azul-m
874994429,28/09/2024,216.75,1,7001211830346,top-sig-bah-p
874994865,28/09/2024,349.00,1,7055134130250,leg-pur-ale-g
874994865,28/09/2024,289.00,1,7055138717770,top-pur-ale-g
874994865,28/09/2024,249.00,1,7484588294218,CRO-406-M
874994865,28/09/2024,69.00,1,7223658512458,mei-clara-bran
874994865,28/09/2024,59.00,1,7414746873930,GHO-172-M
874994876,28/09/2024,349.00,1,6978390458442,LEG209
874994876,28/09/2024,289.00,1,6978390491210,TOP205
874994939,28/09/2024,349.00,1,7055529803850,leg-sig-azu-g
875009102,30/09/2024,149.00,1,7492991582282,BON-418-U
875010414,30/09/2024,239.00,1,7492977524810,TAN-417-G
875010432,30/09/2024,289.00,1,7505104175178,SHO-450-M
875020705,01/10/2024,349.00,1,6946026618954,LEG255
875020705,01/10/2024,289.00,1,6946026979402,TOP251
875020973,01/10/2024,389.00,1,7338889445450,LEG-146-P
875020973,01/10/2024,319.00,1,7338889707594,TOP-147-P
875035646,02/10/2024,359.00,1,7045733744714,leg-bol-pre-m
875035646,02/10/2024,359.00,1,7447759945802,LEG-385-M
875035646,02/10/2024,249.00,1,7484588752970,T-S-408-M
875037396,02/10/2024,279.00,1,7495530577994,SHO-431-M
875037396,02/10/2024,279.00,1,7495529758794,TOP-426-M
875048986,03/10/2024,289.00,1,7208086536266,TOP-SIG-OFF-M
875048986,03/10/2024,229.00,1,7420467019850,TAN-371-M
875051374,03/10/2024,296.65,1,6967004987466,LEG287
875063999,05/10/2024,289.00,1,7001212387402,top-sig-pre-g
875063999,05/10/2024,289.00,1,7001211666506,sho-sig-pre-g
875064582,05/10/2024,319.00,1,7545717030986,SHO-453-M
875074924,07/10/2024,289.00,1,7254944710730,TOP-138-M
875074924,07/10/2024,349.00,1,7254943072330,LEG-135-M
875076068,07/10/2024,349.00,1,6687221907530,LEG-PUR-PRE-M
875076068,07/10/2024,359.00,1,7495528742986,LEG-419-M
875099904,08/10/2024,349.00,1,7067199897674,leg-pur-val-p
875099904,08/10/2024,289.00,1,7067201044554,top-pur-val-p
875099904,08/10/2024,289.00,1,7001212387402,top-sig-pre-p
875099904,08/10/2024,289.00,1,7001211666506,sho-sig-pre-p
875099904,08/10/2024,219.00,1,7420467281994,TAN-372-P
875099904,08/10/2024,229.00,1,7420467019850,TAN-371-P
875110016,09/10/2024,349.00,1,7378795659338,LEG-150-M
875110016,09/10/2024,219.00,1,7420467478602,TAN-373-P
875123892,10/10/2024,359.00,1,7045733744714,leg-bol-pre-g
875123892,10/10/2024,289.00,1,7001212387402,top-sig-pre-g
875134535,11/10/2024,289.00,1,7001211797578,top-sig-azu-p
875134535,11/10/2024,349.00,1,7055529803850,leg-sig-azu-m
875136586,11/10/2024,289.00,1,6946026913866,TOP258
875136586,11/10/2024,349.00,1,6945991655498,LEG262
875136586,11/10/2024,289.00,1,7045786009674,sho-out-azul-p
875136586,11/10/2024,289.00,1,6687221841994,TOP-PUR-PRE-P
875136586,11/10/2024,269.00,1,7420470100042,SOH-380-P
875162566,14/10/2024,319.00,1,7459364503626,TOP-397-G
875162566,14/10/2024,389.00,1,7459363651658,LEG-392-G
875162693,14/10/2024,349.95,1,7588865704010,MOL-462-M
875187231,15/10/2024,279.00,1,7495529726026,TOP-425-M
875191374,15/10/2024,289.00,1,7396018389066,TOP-165-P
875191374,15/10/2024,349.00,1,7396016390218,LEG-157-P
875191463,15/10/2024,245.65,1,7396018257994,TOP-168-M
875191463,15/10/2024,245.65,1,7396017635402,SHO-164-M
875229611,17/10/2024,589.00,1,7722647748682,JAC-480-P
875229611,17/10/2024,249.00,1,7237653594186,CRO-121-G
875229611,17/10/2024,349.00,1,7770144047178,LEG-491-P
875229611,17/10/2024,329.00,1,7495529103434,LEG-422-P
875239905,18/10/2024,49.90,1,7254954901578,HEA-139-U
875243078,18/10/2024,289.00,1,7001211666506,sho-sig-pre-m
875243078,18/10/2024,289.00,1,7001212387402,top-sig-pre-m
875243078,18/10/2024,69.00,1,7223658512458,mei-clara-bran
875269228,21/10/2024,289.00,1,7208086536266,TOP-SIG-OFF-G
875269228,21/10/2024,289.00,1,7396015505482,TOP-167-G
875269228,21/10/2024,289.00,1,7396015112266,SHO-155-G
875270351,21/10/2024,289.00,1,7396018389066,TOP-165-G
875270351,21/10/2024,349.00,1,7396016390218,LEG-157-M
875270351,21/10/2024,349.00,1,7396016685130,LEG-160-P
875270351,21/10/2024,289.00,1,7396016914506,SHO-163-P
875272372,21/10/2024,134.93,1,6687223218250,TOP-HAR-BLU-P
875352455,22/10/2024,389.00,1,7338889445450,LEG-146-M
875352455,22/10/2024,349.00,1,6710315614282,LEG-PUR-JUN-G
875352455,22/10/2024,349.00,1,6978390458442,LEG210
875352455,22/10/2024,261.75,1,6892867649610,LEG177
875352455,22/10/2024,269.00,1,7420470198346,SOH-381-P
875378720,22/10/2024,134.93,1,6687223218250,TOP-HAR-BLU-P
875378720,22/10/2024,209.93,1,6687222628426,LEG-HAR-BLU-P
875387109,22/10/2024,289.00,1,7396018683978,TOP-166-G
875387109,22/10/2024,349.00,1,7396016685130,LEG-160-G
875390282,23/10/2024,169.90,1,6756615782474,SHO82
875390282,23/10/2024,319.00,1,7338889707594,TOP-147-P
875390282,23/10/2024,203.92,1,6756615651402,LEG110
875390282,23/10/2024,279.00,1,7495529726026,TOP-425-G
875397042,23/10/2024,289.00,1,7396018389066,TOP-165-P
875397042,23/10/2024,289.00,1,7770143883338,TOP-490-M
875397042,23/10/2024,349.00,1,7770144047178,LEG-491-M
875400935,24/10/2024,289.00,1,7045786009674,sho-out-azul-p
875400935,24/10/2024,289.00,1,7505104011338,SHO-449-P
875400935,24/10/2024,289.00,1,7378796511306,TOP-151-P
875401147,24/10/2024,152.92,1,6687223218250,TOP-HAR-BLU-P
875401147,24/10/2024,237.92,1,6687222628426,LEG-HAR-BLU-P
875421342,25/10/2024,289.00,1,7045754159178,top-pur-ret-m
875421342,25/10/2024,349.00,1,7045754126410,leg-pur-ret-m
875422217,25/10/2024,203.92,1,6756615651402,LEG110
875422217,25/10/2024,329.00,1,7495529267274,LEG-423-P
875422217,25/10/2024,249.00,1,7484588163146,CRO-405-G
875422217,25/10/2024,249.00,1,7484587638858,CRO-400-M
875422281,25/10/2024,289.00,1,7378796511306,TOP-151-M
875422281,25/10/2024,349.00,1,7378794774602,LEG-149-M
875422281,25/10/2024,152.92,1,6687223218250,TOP-HAR-BLU-M
875428545,26/10/2024,289.00,1,7505104011338,SHO-449-M
875428545,26/10/2024,289.00,1,7378796511306,TOP-151-M
875428643,26/10/2024,589.00,1,7722647289930,JAC-479-G
875428643,26/10/2024,239.00,1,7492977492042,TAN-416-M
875430496,26/10/2024,289.00,1,7770143883338,TOP-490-M
875430496,26/10/2024,349.00,1,7770144047178,LEG-491-M
875430496,26/10/2024,289.00,1,7459360440394,TOP-390-M
875430496,26/10/2024,289.00,1,7459397992522,SHO-398-G
875430496,26/10/2024,59.00,1,7414746873930,GHO-172-G
875430496,26/10/2024,59.00,1,7414746906698,GHO-173-G
875430496,26/10/2024,249.00,1,7484587802698,CRO-402-G
875430496,26/10/2024,59.00,1,7414746611786,GHO-171-G
875430496,26/10/2024,152.92,1,6687223218250,TOP-HAR-BLU-M
875430496,26/10/2024,237.92,1,6687222628426,LEG-HAR-BLU-M
875441584,28/10/2024,245.65,1,6856167522378,TOP130
875441584,28/10/2024,296.65,1,6856164409418,LEG134
875454675,29/10/2024,349.95,1,7588866621514,MOL-463-P
875457198,29/10/2024,289.00,1,7770143883338,TOP-490-M
875457198,29/10/2024,349.00,1,7770144047178,LEG-491-M
875466221,30/10/2024,289.00,2,7459360538698,TOP-391-G
875466221,30/10/2024,349.00,1,7459360145482,LEG-388-G
875490405,31/10/2024,249.00,3,6687221284938,25405327001744
875496298,31/10/2024,289.00,1,7396014915658,SHO-162-M
875496298,31/10/2024,289.00,1,7396015636554,TOP-156-P
875496298,31/10/2024,69.00,1,7223658512458,mei-clara-bran
875506906,01/11/2024,349.00,1,6978390458442,LEG209
875507056,01/11/2024,289.00,1,7001211666506,sho-sig-pre-p
875507056,01/11/2024,289.00,1,7001212387402,top-sig-pre-p
875507056,01/11/2024,289.00,1,7001211797578,top-sig-azu-p
875507356,01/11/2024,349.00,1,7378794774602,LEG-149-M
875507356,01/11/2024,289.00,1,7378796511306,TOP-151-M
875552712,06/11/2024,349.00,1,6946026782794,LEG248
875553637,06/11/2024,349.00,1,6892867682378,LEG185
875553637,06/11/2024,289.00,1,6892867813450,TOP189
875553637,06/11/2024,49.90,1,7237764284490,HEA-132-P
875556846,06/11/2024,289.00,1,6946027143242,TOP242
875556846,06/11/2024,169.90,1,6756615782474,SHO82
875569258,07/11/2024,69.00,1,7223658512458,mei-clara-bran
875579330,08/11/2024,359.00,1,7447759945802,LEG-385-G
875579330,08/11/2024,289.00,1,7505104175178,SHO-450-G
875579330,08/11/2024,245.65,1,6856167522378,TOP131
875582046,08/11/2024,349.00,1,7378795659338,LEG-150-P
875582046,08/11/2024,289.00,1,7378797330506,TOP-152-P
875583683,08/11/2024,349.00,1,7819186831434,LEG-603-M
875583683,08/11/2024,289.00,1,7819186274378,TOP-602-M
875589345,09/11/2024,349.00,1,7396016390218,LEG-157-M
875589345,09/11/2024,289.00,1,7396018389066,TOP-165-M
875600877,11/11/2024,289.00,1,7378796511306,TOP-151-M
875600877,11/11/2024,289.00,1,7505104011338,SHO-449-M
875603875,11/11/2024,203.92,1,6756615651402,LEG111
875603875,11/11/2024,389.00,1,7331631071306,LEG-140-M
875603875,11/11/2024,389.00,1,7338889445450,LEG-146-M
875608749,11/11/2024,349.00,1,7770144047178,LEG-491-P
875608749,11/11/2024,289.00,1,7770143883338,TOP-490-P
875619722,12/11/2024,289.00,1,7505104011338,SHO-449-P
875619722,12/11/2024,269.00,1,7495530610762,SHO-432-P
875620811,12/11/2024,319.00,1,7331632840778,TOP-144-P
875620811,12/11/2024,389.00,1,7331631071306,LEG-140-P
875657283,13/11/2024,349.00,1,7819186831434,LEG-603-P
875657283,13/11/2024,289.00,1,7819186274378,TOP-602-P
875660947,13/11/2024,349.00,1,7378795659338,LEG-150-P
875661113,13/11/2024,389.00,1,7338889445450,LEG-146-M
875661113,13/11/2024,319.00,1,7338889707594,TOP-147-P
875661187,13/11/2024,289.00,1,7208086536266,TOP-SIG-OFF-M
875661187,13/11/2024,289.00,1,7001212387402,top-sig-pre-p
875661187,13/11/2024,349.00,1,7055529377866,leg-sig-pre-m
875661403,13/11/2024,349.00,1,6849920925770,LEG126
875661403,13/11/2024,289.00,1,6856167096394,TOP122
875662754,13/11/2024,289.00,1,7001211502666,sho-sig-jun-p
875662754,13/11/2024,289.00,1,7001212026954,top-sig-jun-p
875662768,13/11/2024,349.00,1,7254943072330,LEG-135-G
875662768,13/11/2024,289.00,1,7254944710730,TOP-138-G
875662768,13/11/2024,349.00,1,7497519300682,LEG-440-G
875662768,13/11/2024,289.00,1,7497520152650,TOP-442-G
875662768,13/11/2024,349.00,1,7378794774602,LEG-149-G
875662768,13/11/2024,289.00,1,7378796511306,TOP-151-G
875664237,13/11/2024,349.00,1,7067199897674,leg-pur-val-g
875664237,13/11/2024,289.00,1,7067201044554,top-pur-val-g
875664237,13/11/2024,349.00,1,7378794774602,LEG-149-M
875664237,13/11/2024,289.00,1,7378796511306,TOP-151-P
875664237,13/11/2024,349.00,1,7055134130250,leg-pur-ale-m
875664237,13/11/2024,289.00,1,7055138717770,top-pur-ale-p
875664237,13/11/2024,349.00,1,6687221907530,LEG-PUR-PRE-M
875664237,13/11/2024,349.00,1,7055529803850,leg-sig-azu-p
875664237,13/11/2024,289.00,1,6946026913866,TOP258
875664237,13/11/2024,289.00,1,7001212387402,top-sig-pre-p
875664322,13/11/2024,289.00,1,7001211174986,sho-sig-azu-m
875664322,13/11/2024,289.00,1,7001211797578,top-sig-azu-m
875664322,13/11/2024,349.00,1,7378794774602,LEG-149-G
875664322,13/11/2024,289.00,1,7378796511306,TOP-151-P
875664409,13/11/2024,216.75,1,7001211240522,sho-sig-bah-m
875664409,13/11/2024,216.75,1,7045748949066,top-pur-bah-m
875664533,13/11/2024,349.00,1,7396016685130,LEG-160-M
875664533,13/11/2024,289.00,1,7396016914506,SHO-163-M
875664533,13/11/2024,289.00,1,7396018683978,TOP-166-M
875664533,13/11/2024,289.00,1,6946027143242,TOP243
875664533,13/11/2024,349.00,1,6946026782794,LEG247
875665059,13/11/2024,289.00,1,7459360440394,TOP-390-P
875665059,13/11/2024,69.00,1,7237760057418,MEI-122-U
875665186,13/11/2024,349.00,1,7378794774602,LEG-149-M
875665186,13/11/2024,349.00,1,7254942941258,LEG-134-M
875665186,13/11/2024,349.00,1,7055529672778,leg-sig-jun-p
875665186,13/11/2024,216.75,1,7001212223562,top-sig-mac-p
875665186,13/11/2024,216.75,1,7001211600970,sho-sig-mac-p
875665186,13/11/2024,349.00,1,7378795659338,LEG-150-M
875665599,13/11/2024,261.75,1,6856165294154,LEG159
875665599,13/11/2024,216.75,1,6946027176010,TOP267
875665599,13/11/2024,349.00,1,7055529377866,leg-sig-pre-m
875665599,13/11/2024,289.00,1,7001212387402,top-sig-pre-m
875665932,13/11/2024,389.00,1,7774610882634,LEG-503-P
875665932,13/11/2024,319.00,1,7774610030666,TOP-501-M
875665932,13/11/2024,289.00,1,7497516679242,SHO-437-P
875665932,13/11/2024,289.00,1,7497517465674,TOP-438-P
875665932,13/11/2024,289.00,1,7001211666506,sho-sig-pre-p
875665932,13/11/2024,349.00,1,6856165195850,LEG150
875665932,13/11/2024,289.00,1,6856168243274,TOP146
875665980,13/11/2024,249.00,1,6687221153866,TSH-ESS-BRA-P
875665980,13/11/2024,289.00,1,7001212387402,top-sig-pre-p
875666296,13/11/2024,349.00,1,7055529803850,leg-sig-azu-m
875666296,13/11/2024,289.00,1,7001211797578,top-sig-azu-m
875666296,13/11/2024,289.00,1,7459397992522,SHO-398-P
875666296,13/11/2024,245.65,1,7796721156170,TOP-521-M
875666296,13/11/2024,69.00,1,7223658512458,mei-clara-bran
875666699,13/11/2024,349.95,1,7588865704010,MOL-462-M
875666842,13/11/2024,319.00,1,7331633004618,TOP-145-M
875666842,13/11/2024,319.00,1,7331632480330,SHO-143-P
875666842,13/11/2024,319.00,1,7338890494026,SHO-148-P
875666842,13/11/2024,69.00,1,7223658512458,mei-clara-bran
875666842,13/11/2024,289.00,1,7045754159178,top-pur-ret-p
875666842,13/11/2024,349.00,1,7045754126410,leg-pur-ret-p
875668592,13/11/2024,389.00,1,7774610882634,LEG-503-G
875668592,13/11/2024,319.00,1,7804996190282,TOP-596-M
875668592,13/11/2024,349.00,1,7378795659338,LEG-150-G
875668592,13/11/2024,289.00,1,7378797330506,TOP-152-M
875668592,13/11/2024,319.00,1,7338889707594,TOP-147-P
875668592,13/11/2024,319.00,1,7338890494026,SHO-148-M
875668843,13/11/2024,389.00,1,7338889445450,LEG-146-P
875668843,13/11/2024,319.00,1,7338889707594,TOP-147-M
875669105,13/11/2024,349.00,1,7254942744650,LEG-133-M
875669127,13/11/2024,69.00,1,7223658512458,mei-clara-bran
875669127,13/11/2024,69.00,1,7237760057418,MEI-122-U
875669127,13/11/2024,296.65,1,6967004921930,LEG278
875669127,13/11/2024,245.65,1,6967005118538,TOP275
875669127,13/11/2024,289.00,1,7770143883338,TOP-490-P
875669127,13/11/2024,349.00,1,7770144047178,LEG-491-P
875669127,13/11/2024,389.00,1,7770139918410,LEG-487-M
875669127,13/11/2024,319.00,1,7770143359050,TOP-488-P
875669127,13/11/2024,59.00,1,7414746906698,GHO-173-M
875669127,13/11/2024,59.00,1,7414746873930,GHO-172-M
875669127,13/11/2024,349.00,1,6946026782794,LEG246
875669790,13/11/2024,229.00,1,7420464267338,TAN-370-P
875669790,13/11/2024,289.00,1,7208089387082,SHO-OUT-OFF-M
875669790,13/11/2024,289.00,1,7819186274378,TOP-602-M
875669790,13/11/2024,349.00,1,7819186831434,LEG-603-M
875669790,13/11/2024,319.00,1,7338889707594,TOP-147-M
875669790,13/11/2024,349.95,1,7588866621514,MOL-463-M
875669790,13/11/2024,219.00,1,7420467478602,TAN-373-M
875669790,13/11/2024,589.00,1,7722645323850,JAC-478-G
875669818,13/11/2024,69.00,1,7237760057418,MEI-122-U
875669964,13/11/2024,319.00,1,7331632480330,SHO-143-P
875669964,13/11/2024,289.00,1,7001211273290,sho-sig-cel-p
875669964,13/11/2024,289.00,1,7001211863114,top-sig-cel-p
875669964,13/11/2024,216.75,1,7001211600970,sho-sig-mac-p
875669964,13/11/2024,216.75,1,7001212223562,top-sig-mac-p
875669964,13/11/2024,319.00,1,7331632840778,TOP-144-P
875669995,13/11/2024,289.00,1,7505104175178,SHO-450-P
875669995,13/11/2024,289.00,1,6710315647050,TOP-PUR-JUN-P
875669995,13/11/2024,349.00,1,7770144047178,LEG-491-P
875669995,13/11/2024,289.00,1,7770143883338,TOP-490-P
875669995,13/11/2024,349.95,1,7588866621514,MOL-463-G
875683158,15/11/2024,289.00,1,7001211666506,sho-sig-pre-m
875683158,15/11/2024,289.00,1,7001212387402,top-sig-pre-m
875688866,16/11/2024,349.00,1,7497519300682,LEG-440-M
875688866,16/11/2024,289.00,1,7497520152650,TOP-442-M
875688887,16/11/2024,349.00,1,7819186896970,LEG-604-M
875688887,16/11/2024,289.00,1,7819185979466,TOP-600-M
875704117,18/11/2024,149.00,1,7101628383306,bon-cha-bla-u
875704117,18/11/2024,69.00,1,7223658512458,mei-clara-bran
875704117,18/11/2024,69.00,1,7237760057418,MEI-122-U
875705783,18/11/2024,349.00,1,7497519300682,LEG-440-G
875705783,18/11/2024,289.00,1,7497520152650,TOP-442-G
875713476,19/11/2024,289.00,1,7497520152650,TOP-442-M
875717709,19/11/2024,349.00,1,7497519300682,LEG-440-G
875721708,19/11/2024,349.00,1,7819186896970,LEG-604-P
875721721,19/11/2024,289.00,1,6892867813450,TOP189
875721721,19/11/2024,349.00,1,6892867682378,LEG184
875735462,21/11/2024,349.95,1,7588865704010,MOL-462-G
875735462,21/11/2024,349.95,1,7588867735626,MOL-466-P
875773001,22/11/2024,237.92,1,6687222628426,LEG-HAR-BLU-M
875773001,22/11/2024,152.92,1,6687223218250,TOP-HAR-BLU-P
875773001,22/11/2024,349.00,1,7067199897674,leg-pur-val-m
875773001,22/11/2024,289.00,1,7067201044554,top-pur-val-p
875773548,22/11/2024,296.65,1,6856164409418,LEG134
875773548,22/11/2024,245.65,1,6856167522378,TOP130
875774380,22/11/2024,349.00,1,7378795659338,LEG-150-P
875774380,22/11/2024,289.00,1,7378797330506,TOP-152-P
875774380,22/11/2024,349.00,1,6687221907530,LEG-PUR-PRE-P
875774380,22/11/2024,289.00,1,6687221841994,TOP-PUR-PRE-P
875776942,23/11/2024,203.92,1,6756615618634,LEG106
875777583,23/11/2024,349.00,1,7819186896970,LEG-604-M
875777583,23/11/2024,289.00,1,7819185979466,TOP-601-G
875778129,23/11/2024,349.00,1,7045754126410,leg-pur-ret-p
875778129,23/11/2024,289.00,1,7045754159178,top-pur-ret-p
875778374,23/11/2024,289.00,1,7001212387402,top-sig-pre-p
875778374,23/11/2024,349.00,1,7055529377866,leg-sig-pre-p
875778796,23/11/2024,349.00,1,6945991655498,LEG263
875778796,23/11/2024,289.00,1,7001211174986,sho-sig-azu-p
875778796,23/11/2024,289.00,1,7001211797578,top-sig-azu-m
875790277,25/11/2024,349.00,1,7819186896970,LEG-604-M
875790277,25/11/2024,249.00,1,7420468101194,BAB-376-P
875798556,25/11/2024,349.00,1,7254943072330,LEG-135-P
875798556,25/11/2024,289.00,1,7254944710730,TOP-138-P
875799269,25/11/2024,349.00,1,6946026782794,LEG247
875799269,25/11/2024,49.90,1,7254954901578,HEA-139-U
875804953,26/11/2024,289.00,1,6946027143242,TOP244
875804953,26/11/2024,59.00,2,7414746611786,GHO-171-M
875804953,26/11/2024,349.00,1,6946026618954,LEG254
875806068,26/11/2024,349.00,1,7055134130250,leg-pur-ale-m
875806068,26/11/2024,289.00,1,7055138717770,top-pur-ale-p
875806531,26/11/2024,349.00,1,7378795659338,LEG-150-M
875806531,26/11/2024,289.00,1,7378797330506,TOP-152-M
875807969,26/11/2024,245.65,1,6967005184074,TOP282
875807969,26/11/2024,296.65,1,6967004987466,LEG287
875808207,26/11/2024,349.00,1,7055529803850,leg-sig-azu-m
875808207,26/11/2024,289.00,1,6946026913866,TOP259
875808329,26/11/2024,289.00,1,7770143883338,TOP-490-P
875808329,26/11/2024,349.00,1,7770144047178,LEG-491-P
875815394,27/11/2024,349.00,1,6946026618954,LEG254
875815394,27/11/2024,289.00,1,6946026979402,TOP250
875815394,27/11/2024,349.00,1,7396016390218,LEG-157-P
875815394,27/11/2024,289.00,1,7396018389066,TOP-165-P
875815394,27/11/2024,349.00,1,6945991655498,LEG262
875815394,27/11/2024,289.00,1,6946027143242,TOP242
875817604,27/11/2024,349.00,1,7055529377866,leg-sig-pre-p
875829113,28/11/2024,349.00,1,6710315614282,LEG-PUR-JUN-M
875829113,28/11/2024,289.00,1,6710315647050,TOP-PUR-JUN-M
875829795,28/11/2024,216.75,1,7001211600970,sho-sig-mac-p
875829795,28/11/2024,216.75,1,7001212223562,top-sig-mac-p
875829795,28/11/2024,319.00,1,7338889707594,TOP-147-P
875829795,28/11/2024,319.00,1,7338890494026,SHO-148-P
875830452,28/11/2024,349.00,1,7254943072330,LEG-135-P
875830520,28/11/2024,261.75,1,7045748916298,leg-pure-bah-m
875832958,28/11/2024,59.00,1,7414746611786,GHO-171-M
875834333,28/11/2024,349.00,1,6945991655498,LEG263
875834333,28/11/2024,289.00,1,6946026913866,TOP259
875834815,28/11/2024,349.00,1,7819186831434,LEG-603-M
875835193,28/11/2024,349.00,1,6946026782794,LEG247
875835193,28/11/2024,289.00,1,6946027143242,TOP243
875836169,28/11/2024,349.00,1,6849920925770,LEG126
875836169,28/11/2024,349.00,1,6687221907530,LEG-PUR-PRE-P
875836948,28/11/2024,289.00,1,7208086536266,TOP-SIG-OFF-M
875841322,29/11/2024,349.00,1,6710315614282,LEG-PUR-JUN-P
875841553,29/11/2024,289.00,1,7770143883338,TOP-490-P
875841553,29/11/2024,349.00,1,7770144047178,LEG-491-P
875842599,29/11/2024,349.00,1,7819186896970,LEG-604-M
875842752,29/11/2024,349.00,1,7254942941258,LEG-134-G
875842752,29/11/2024,289.00,1,7254944579658,TOP-137-G
875842819,29/11/2024,289.00,1,7420467970122,LON-375-G
875844381,29/11/2024,349.00,1,7254942941258,LEG-134-M
875844381,29/11/2024,289.00,1,7254944579658,TOP-137-M
875844531,29/11/2024,289.00,1,7396017111114,SHO-161-P
875844531,29/11/2024,289.00,1,7396018389066,TOP-165-G
875844531,29/11/2024,219.00,1,7420467478602,TAN-373-P
875844902,29/11/2024,289.00,1,6946027143242,TOP244
875845277,29/11/2024,289.00,1,7001211895882,top-sig-fes-p
875845277,29/11/2024,289.00,1,7001211371594,sho-sig-fes-p
875845277,29/11/2024,289.00,1,7497520152650,TOP-442-P
875845277,29/11/2024,289.00,1,7497520971850,SHO-445-P
875845277,29/11/2024,289.00,1,7001211666506,sho-sig-pre-p
875845277,29/11/2024,289.00,1,7001212387402,top-sig-pre-p
875847744,29/11/2024,289.00,1,6946027143242,TOP243
875847744,29/11/2024,349.00,1,6946026782794,LEG247
875847744,29/11/2024,289.00,1,7045804261450,sho-out-pre-m
875848583,29/11/2024,289.00,1,6687221841994,TOP-PUR-PRE-P
875848583,29/11/2024,349.00,1,6710315614282,LEG-PUR-JUN-M
875849723,29/11/2024,289.00,1,7396018683978,TOP-166-G
875849723,29/11/2024,289.00,1,7396016914506,SHO-163-M
875849799,29/11/2024,349.00,1,7378795659338,LEG-150-G
875849799,29/11/2024,289.00,1,7378797330506,TOP-152-M
875851823,30/11/2024,149.00,1,7072689815626,bon-cha-mel
875852488,30/11/2024,349.00,1,7819186831434,LEG-603-M
875852488,30/11/2024,289.00,1,7819186274378,TOP-602-M
875852488,30/11/2024,289.00,1,7497516679242,SHO-437-M
875852488,30/11/2024,289.00,1,7497517465674,TOP-438-M
875852595,30/11/2024,289.00,1,6710315647050,TOP-PUR-JUN-P
875853745,30/11/2024,349.00,1,7055134130250,leg-pur-ale-p
875853745,30/11/2024,289.00,1,7055138717770,top-pur-ale-p
875853784,30/11/2024,59.00,1,7414746611786,GHO-171-P
875853999,30/11/2024,349.00,1,7819186831434,LEG-603-P
875853999,30/11/2024,289.00,1,7819186274378,TOP-602-P
875883422,02/12/2024,349.00,1,7819186831434,LEG-603-M
875883422,02/12/2024,289.00,1,7819186274378,TOP-602-M
875883422,02/12/2024,349.00,1,7396016390218,LEG-157-M
875883422,02/12/2024,289.00,1,7396017111114,SHO-161-M
875883422,02/12/2024,289.00,1,7396018389066,TOP-165-M
875883422,02/12/2024,389.00,1,7338889445450,LEG-146-M
875883422,02/12/2024,319.00,1,7338889707594,TOP-147-M
875883422,02/12/2024,69.00,1,7237760057418,MEI-122-U
875889808,03/12/2024,349.00,1,6946026618954,LEG256
875889808,03/12/2024,289.00,1,6710315647050,TOP-PUR-JUN-M
875891210,03/12/2024,289.00,1,7001212387402,top-sig-pre-p
875894250,03/12/2024,349.00,1,7378795659338,LEG-150-P
875894250,03/12/2024,289.00,1,7378797330506,TOP-152-M
875894475,03/12/2024,349.00,1,6856165195850,LEG151
875896007,03/12/2024,289.00,1,6946026913866,TOP258
875898996,03/12/2024,349.00,1,7497519300682,LEG-440-P
875898996,03/12/2024,289.00,1,7497520152650,TOP-442-P
875898996,03/12/2024,289.00,1,6946027143242,TOP243
875898996,03/12/2024,349.00,1,6946026782794,LEG247
875898996,03/12/2024,269.00,1,7420470100042,SOH-380-M
875898996,03/12/2024,239.00,1,7492977524810,TAN-417-M
875910234,04/12/2024,289.00,1,7459360440394,TOP-390-G
875910683,04/12/2024,289.00,1,7001211666506,sho-sig-pre-p
875910683,04/12/2024,289.00,1,7001212387402,top-sig-pre-p
875911990,04/12/2024,349.00,1,7497519300682,LEG-440-G
875911990,04/12/2024,289.00,1,7497520152650,TOP-442-G
875913025,04/12/2024,349.00,1,7378794774602,LEG-149-M
875913025,04/12/2024,289.00,1,7378796511306,TOP-151-M
875913025,04/12/2024,289.00,1,6687221841994,TOP-PUR-PRE-M
875913025,04/12/2024,349.00,1,6687221907530,LEG-PUR-PRE-M
875913025,04/12/2024,289.00,1,7001212387402,top-sig-pre-m
875913025,04/12/2024,289.00,1,7001211666506,sho-sig-pre-m
875920328,05/12/2024,289.00,1,7396017111114,SHO-161-M
875920328,05/12/2024,289.00,1,7396018389066,TOP-165-G
875920328,05/12/2024,269.00,1,7420470034506,SOH-379-P
875920328,05/12/2024,69.00,1,7237760057418,MEI-122-U
875920328,05/12/2024,149.00,1,7072689815626,bon-cha-mel
875929151,06/12/2024,296.65,1,6946026848330,LEG272
875929151,06/12/2024,216.75,1,6946027176010,TOP268
875932304,06/12/2024,289.00,1,7505104011338,SHO-449-P
875932304,06/12/2024,349.00,1,6910076190794,LEG201
875932304,06/12/2024,289.00,1,6910076321866,TOP197
875989583,07/12/2024,296.65,1,6946026848330,LEG271
875989583,07/12/2024,216.75,1,6946027176010,TOP266
875991172,07/12/2024,289.00,1,7396016914506,SHO-163-P
875991172,07/12/2024,289.00,1,7396018683978,TOP-166-P
876007887,09/12/2024,349.00,1,7378794774602,LEG-149-P
876007887,09/12/2024,289.00,1,7378796511306,TOP-151-P
876010395,09/12/2024,69.00,1,7237760057418,MEI-122-U
876017538,10/12/2024,349.00,1,7497519300682,LEG-440-M
876017538,10/12/2024,289.00,1,7497520152650,TOP-442-M
876017577,10/12/2024,289.00,1,7208089387082,SHO-OUT-OFF-P
876017738,10/12/2024,349.00,1,7819186831434,LEG-603-M
876017738,10/12/2024,289.00,1,7819186274378,TOP-602-M
876018345,10/12/2024,389.00,1,7338889445450,LEG-146-M
876018345,10/12/2024,319.00,1,7338889707594,TOP-147-M
876021449,10/12/2024,319.00,1,7331633004618,TOP-145-M
876021449,10/12/2024,349.00,1,6910076190794,LEG203
876021449,10/12/2024,49.90,1,7237764284490,HEA-132-P
876021449,10/12/2024,349.00,1,7045754126410,leg-pur-ret-g
876021449,10/12/2024,289.00,1,7045754159178,top-pur-ret-g
876023504,10/12/2024,359.00,1,7495528742986,LEG-419-P
876023504,10/12/2024,69.00,1,7237760057418,MEI-122-U
876023515,10/12/2024,289.00,1,7208086536266,TOP-SIG-OFF-M
876023515,10/12/2024,289.00,1,7208084602954,SHO-SIG-OFF-M
876023525,10/12/2024,349.00,1,7770144047178,LEG-491-M
876023525,10/12/2024,289.00,1,7770143883338,TOP-490-P
876037296,11/12/2024,289.00,1,7378796511306,TOP-151-P
876038939,11/12/2024,349.00,1,6710315614282,LEG-PUR-JUN-P
876038939,11/12/2024,289.00,1,6710315647050,TOP-PUR-JUN-M
876039310,11/12/2024,289.00,1,7001211797578,top-sig-azu-m
876039320,11/12/2024,289.00,1,7001211797578,top-sig-azu-m
876039966,11/12/2024,349.00,1,7396016390218,LEG-157-M
876043903,11/12/2024,289.00,1,7001211797578,top-sig-azu-m
876043995,11/12/2024,220.15,1,7416239423562,TOP-178-G
876044123,11/12/2024,349.00,1,6687221907530,LEG-PUR-PRE-M
876044173,11/12/2024,237.92,1,6687222628426,LEG-HAR-BLU-M
876044173,11/12/2024,152.92,1,6687223218250,TOP-HAR-BLU-P
876054119,12/12/2024,289.00,1,7045804261450,sho-out-pre-m
876070064,13/12/2024,349.00,1,7396016685130,LEG-160-M
876070882,13/12/2024,349.00,1,7378794774602,LEG-149-G
876070882,13/12/2024,289.00,1,7378796511306,TOP-151-M
876071534,13/12/2024,289.00,1,7001212026954,top-sig-jun-p
876071534,13/12/2024,289.00,1,7001211502666,sho-sig-jun-p
876073588,14/12/2024,296.65,1,6967004987466,LEG287
876073588,14/12/2024,245.65,1,6967005184074,TOP283
876073588,14/12/2024,319.00,1,7770143359050,TOP-488-M
876073588,14/12/2024,319.00,1,7770140049482,SHO-486-M
876073588,14/12/2024,269.00,1,7420470100042,SOH-380-M
876073588,14/12/2024,269.00,1,7420470034506,SOH-379-M
876088140,16/12/2024,349.00,1,7819186831434,LEG-603-P
876088140,16/12/2024,289.00,1,7819186274378,TOP-602-P
876090653,16/12/2024,289.00,1,7067201044554,top-pur-val-m
876090653,16/12/2024,349.00,1,7067199897674,leg-pur-val-g
876090653,16/12/2024,289.00,1,7497520152650,TOP-442-M
876090653,16/12/2024,289.00,1,7497520971850,SHO-445-M
876090695,16/12/2024,289.00,1,7001212387402,top-sig-pre-g
876090695,16/12/2024,349.00,1,7055529377866,leg-sig-pre-g
876090695,16/12/2024,349.00,1,7819186831434,LEG-603-M
876090695,16/12/2024,289.00,1,7819186274378,TOP-602-M
876091828,16/12/2024,59.00,2,7414746611786,GHO-171-G
876091828,16/12/2024,59.00,2,7414746873930,GHO-172-G
876091828,16/12/2024,59.00,2,7414746906698,GHO-173-G
876091828,16/12/2024,349.00,1,7396014522442,LEG-154-G
876091828,16/12/2024,289.00,1,7396015636554,TOP-156-G
876091828,16/12/2024,349.00,1,6856164671562,LEG144
876091828,16/12/2024,289.00,1,6856167948362,TOP139
876092275,16/12/2024,349.00,1,7819186831434,LEG-603-M
876093089,16/12/2024,349.00,1,6892867682378,LEG185
876093089,16/12/2024,289.00,1,6892867813450,TOP189
876096027,16/12/2024,349.95,1,7588866621514,MOL-463-M
876096027,16/12/2024,349.00,2,6946026782794,LEG247
876096027,16/12/2024,349.95,1,7588870389834,THE-471-P
